{
  "channels": [
    {
      "cliccId": "99085",
      "nameEn": "Sky News Arabia",
      "genreEn": "Multicultural",
      "channelId": "sku410800",
      "descriptionEn": "A 24 hr Arabic language rolling news channel. It offers fresh, fast and independent news across multiple platforms to audiences across the Middle East, North Africa, Europe and now Canada!",
      "channelPrice": "9.0",
      "priceFrequency": "monthly"
    },{
      "cliccId": "78808",
      "nameEn": "American Heroes Channel",      
      "genreEn": "Education & Learning", 
      "channelId": "sku360686",
      "descriptionEn": "American Heroes Channel (AHC) provides a rare glimpse into major events that shaped our world, visionary leaders and unexpected heroes who made a difference, and the great defenders of our freedom.",
      "channelPrice": "4.0",
      "priceFrequency": "monthly"
    },{
      "cliccId": "66003",
      "channelPrice": "4.0",
      "priceFrequency": "monthly",
      "nameEn": "addik TV",
      "genreEn": "French",
      "channelId": "sku410841",
      "descriptionEn": "The channel with the biggest suspense, intrigue and police series – for fiction addicts! Hard-core fans of suspense and fiction will find a home on addikTV, with great local productions and French-language premieres of captivating American series, as well as breathtaking movies. addikTV: the very best of fiction!"
    },{
      "cliccId": "92160",
      "channelPrice": "4.0",
      "priceFrequency": "monthly",
      "nameEn": "Action",
      "genreEn": "Entertainment",
      "channelId": "sku110336",
      "descriptionEn": "Action brings non-stop, effortless fun with a combination of laugh-out-loud shows and iconic blockbuster movies. It's dynamic, gratuitous entertainment that provides a  welcome break from the everyday. Action celebrates mindless entertainment for grown-ups."
    },{
      "cliccId": "86447",
      "channelPrice": "7.0",
      "priceFrequency": "monthly",
      "nameEn": "ABP News",
      "genreEn": "Multicultural",
      "channelId": "sku410649",
      "descriptionEn": "ABP  News is a unique and innovative niche programming service delivering 24 hours- year round television programming consisting of news in Hindi Language. ABP News offers viewers 24-hour Hindi news that is relevant to today's Indians. It covers the full spectrum of news ranging from politics to business, investigative reports to consumer issues, crime to the environment."
    },{
      "cliccId": "75117",
      "channelPrice": "7.0",
      "priceFrequency": "monthly",
      "nameEn": "ABC Spark",
      "genreEn": "Family",
      "channelId": "sku110328",
      "descriptionEn": "ABC Spark is a new 24-hour television channel featuring a unique blend of authentic and compelling entertainment with diverse stories and relationships that are passionate, honest and real all told with optimism, humor and heart. ABC Spark."
    },{
      "cliccId": "85862",
      "channelPrice": "5.0",
      "priceFrequency": "monthly",
      "nameEn": "Aapka Colors",
      "genreEn": "Multicultural",
      "channelId": "sku410725",
      "descriptionEn": "Aapka Colors is one of India's leading Hindi entertainment channels. Aapka Colors offers a power-packed combination of 'emotions' and 'variety' programming. Dedicated to its promise of wholesome viewing for the entire family, Aapka Colors celebrates the myriad hues of emotions, with an ideal mix of fiction, blockbuster movies, reality and formatted shows.  Only available in Ontario."
    },{
      "cliccId": "48512",
      "channelPrice": "7.0",
      "priceFrequency": "monthly",
      "nameEn": "Aaj Tak",
      "genreEn": "Multicultural",
      "channelId": "sku410678",
      "descriptionEn": "Aaj Tak is the number 1 rated 24-hour Hindi-language news channel in India, having earned the tag line \"Nation's Best News channel\" due to its aggressive journalism and cutting-edge reporting. Aaj Tak's wide array of news programming includes daily new bulletins on politics, sports, business, entertainment, international coverage and much more. Catch shows like Vishesh, Das Tak, Desh Pradesh, and Duniya. For more information please visit www.aajtak.in."
    },{
      "cliccId": "55097",
      "channelPrice": "4.0",
      "priceFrequency": "monthly",
      "nameEn": "A&E",
      "genreEn": "Entertainment",
      "channelId": "sku110325",
      "descriptionEn": "Real Life. Drama. A&E offers a wide range of dramatic programming including Intervention, The Cleaner, Paranormal State, Sopranos, Parking Wars, Gene Simmons, CSI: Miami and Criss Angel and much more."
    },{
      "cliccId": "505681467",
      "channelPrice": "9.95",
      "priceFrequency": "monthly",
      "nameEn": "Crave On Demand",
      "genreEn": "Movies",
      "channelId": "sku1120324",
      "descriptionEn": "With Crave On Demand you get access to all the movies and series that air on the live channels and more, whenever you want. Crave On Demand is part of your subscription to Crave. "
    },{
      "cliccId": "24051",
      "channelPrice": "0.0",
      "priceFrequency": "monthly",
      "nameEn": "CBS Buffalo (WIVB)",
      "genreEn": "Network",
      "channelId": "sku910940",
      "descriptionEn": "CBS Buffalo affiliate offering news and entertainment progamming including The Oprah Winfrey Show, Inside Edition, Access Hollywood, Law & Order: Special Victims Unit, CSI: NY and more."
    },{
      "cliccId": "29114",
      "channelPrice": "5.0",
      "priceFrequency": "monthly",
      "nameEn": "CGTN-News",
      "genreEn": "Multicultural",
      "channelId": "sku410691",
      "descriptionEn": "CGTN-News is an English 24-hour news channel of China Central Television, China largest national broadcasting network."
    },{
      "cliccId": "90123",
      "channelPrice": "0.0",
      "priceFrequency": "monthly",
      "nameEn": "TSN4",
      "genreEn": "Sports",
      "channelId": "sku780430",
      "descriptionEn": "Champions Live Here, as TSN's five feeds deliver more championship events including the Grey Cup, World Juniors., golf's Majors, Grand Slam tennis, FIFA World Cup, and so much more."
    },{
      "cliccId": "91497",
      "channelPrice": "4.0",
      "priceFrequency": "monthly",
      "nameEn": "TÉLÉTOON",
      "genreEn": "Family",
      "channelId": "sku110532",
      "descriptionEn": "Télétoon is the ultimate destination for hilarious comedies and the best cartoons! This French language channel offers daily programming that appeals to the young& and the not so young!"
    },{
      "cliccId": "49338",
      "channelPrice": "8.95",
      "priceFrequency": "monthly",
      "nameEn": "TMN Encore 1",
      "genreEn": "Movies",
      "channelId": "sku110505",
      "descriptionEn": "TMN Encore brings you a massive library of movies, from family favourites and cult classics to award-winning masterpieces, refreshed every month ? all uncut and commercial-free."
    },{
      "cliccId": "96507",
      "channelPrice": "7.0",
      "priceFrequency": "monthly",
      "nameEn": "Disney Channel",
      "genreEn": "Family",
      "channelId": "sku360700",
      "descriptionEn": "Disney Channel is a 24-hour kid-driven, family-inclusive television network that taps into the world of kids and families. The channel features original series and movies including hit shows KC Undercover, Girl Meets World, Jessie and more. To enjoy more Disney Channel, visit us online at <a href=\"http://www.disneychannel.ca/\" target=\"_blank\">DisneyChannel.ca</a>."
    },{
      "cliccId": "89784",
      "channelPrice": "5.0",
      "priceFrequency": "monthly",
      "nameEn": "Prime Asia TV",
      "genreEn": "Multicultural",
      "channelId": "sku410773",
      "descriptionEn": "Prime Asia Television is a general interest third language service devoted to serving the south Asian community. The service offers local and international programming in Punjabi, Hindi, Urdu and English languages. The service features a variety of programming such as entertainment shows, current affairs, music show, movies, drama, comedy, sports, politic, news, business, morning and evening talk shows that provide local relevant content and culture based programming."
    },{
      "cliccId": "73321",
      "channelPrice": "7.0",
      "priceFrequency": "monthly",
      "nameEn": "CEEN",
      "genreEn": "Multicultural",
      "channelId": "sku410694",
      "descriptionEn": "CEEN TV, a popular lifestyle channel targeting the Caribbean community, will broadcast on a 24-hour basis with variety content from across the Caribbean including popular programming from Jamaica, Trinidad and Tobago, and Guyana as well as West Indies cricket."
    },{
      "cliccId": "24248",
      "channelPrice": "7.0",
      "priceFrequency": "monthly",
      "nameEn": "CCTV-4",
      "genreEn": "Multicultural",
      "channelId": "sku410692",
      "descriptionEn": "Specializing in news reports, CCTV-4 also delivers entertainment, educational and consulting services. Since 1992, it has won a reputation around the world for its high level of culture, relevance and authority."
    },{
      "cliccId": "90683",
      "channelPrice": "7.0",
      "priceFrequency": "monthly",
      "nameEn": "Channel-i",
      "genreEn": "Multicultural",
      "channelId": "sku410700",
      "descriptionEn": "Channel i is the first 24 hours a day digital Bangla channel. Channel i with the slogan \"Hridoya Bangladesh\" (means Bangladesh in its heart) has been acclaimed as one of the leading educational and entertainment Bangla channels."
    },{
      "cliccId": "80637",
      "channelPrice": "0.0",
      "priceFrequency": "monthly",
      "nameEn": "The Comedy Network (West)",
      "genreEn": "Entertainment",
      "channelId": "sku360749",
      "descriptionEn": "All comedy, of all kinds, 24-hours-a-day, is the mandate of The Comedy Network, Canada's first-and-only specialty comedy service. The Comedy Network broadcasts, uncut and uncensored, an eclectic mix of stand-up, sketch, improv, and animated comedy as well as topical comedy talk shows, game shows and classic situation comedies."
    },{
      "cliccId": "97312",
      "channelPrice": "4.0",
      "priceFrequency": "monthly",
      "nameEn": "Disney Junior",
      "genreEn": "Family",
      "channelId": "sku360701",
      "descriptionEn": "Disney Junior offers the best and most engaging programming for younger children with magical, musical and heartfelt stories. This is a 24-hour a day, commercial-free network with development-based programming dedicated to little ones."
    },{
      "cliccId": "73556",
      "channelPrice": "4.0",
      "priceFrequency": "monthly",
      "nameEn": "Documentary",
      "genreEn": "Education & Learning",
      "channelId": "sku110550",
      "descriptionEn": "The Documentary Channel is home to the best in non-fiction film from Academy Award winners to box office hits and festival favourites."
    },{
      "cliccId": "44562",
      "channelPrice": "7.0",
      "priceFrequency": "monthly",
      "nameEn": "Dragon TV",
      "genreEn": "Multicultural",
      "channelId": "sku410736",
      "descriptionEn": "Based in Shanghai, programs reflect Chinas modern urban lifestyles and bear witness to the changing world. TV series, entertainment features, sports shows and foreign language programs are also full of modern, international influences and spiced with Shanghais unique urban lifestyle."
    },{
      "cliccId": "97315",
      "channelPrice": "4.0",
      "priceFrequency": "monthly",
      "nameEn": "Disney XD",
      "genreEn": "Family",
      "channelId": "sku360702",
      "descriptionEn": "Disney XD offers a compelling mix of live-action and animated kids programming, transporting viewers into worlds full of humour, unexpected fun and inspiring action-filled adventures."
    },{
      "cliccId": "82747",
      "channelPrice": "4.0",
      "priceFrequency": "monthly",
      "nameEn": "DTOUR",
      "genreEn": "Lifestyle",
      "channelId": "sku110376",
      "descriptionEn": "DTOUR diverges off the beaten path with eye- opening programming that reveals the  drama, entertainment and  ideas  behind the  everyday and the extraordinary. Led by the most engaging personalities, the channel's exclusive content broadens horizons and fulfills ongoing curiosity."
    },{
      "cliccId": "44794",
      "channelPrice": "4.0",
      "priceFrequency": "monthly",
      "nameEn": "Discovery Velocity",
      "genreEn": "Multicultural",
      "channelId": "sku110379",
      "descriptionEn": "Escape to the extraordinary. With original content not found anywhere else, Discovery Velocity HD is home to breathtaking landscapes, fascinating people and incredible stories from around the world. Offering an unparalleled sensory experience that explores life's most amazing journeys, Discovery Velocity HD presents high quality documentaries and immersive series that capture the biggest and boldest high-definition viewing experience."
    },{
      "cliccId": "76792",
      "channelPrice": "4.0",
      "priceFrequency": "monthly",
      "nameEn": "E!",
      "genreEn": "Entertainment",
      "channelId": "sku410845",
      "descriptionEn": "E! Entertainment Television is Canada's ultimate destination for the latest news and information on celebrities, entertainment and pop culture. E! features a dynamic lineup of entertainment news programming, hit reality series, candid profiles of the world's biggest stars, and the best live red carpet coverage from Canada and around the world."
    },{
      "cliccId": "100699",
      "channelPrice": "14.95",
      "priceFrequency": "monthly",
      "nameEn": "GMA Pinoy TV",
      "genreEn": "Multicultural",
      "channelId": "sku410708",
      "descriptionEn": "GMA Pinoy TV is a 24-hour international channel designed for all Filipinos overseas. The channel shows top-rated GMA programs that have made GMA Network Number One in the Mega Manila ratings. GMA Pinoy TVs programs are not just innovative, creative, and pioneering but award-winning as well, both locally and internationally."
    },{
      "cliccId": "44625",
      "channelPrice": "7.0",
      "priceFrequency": "monthly",
      "nameEn": "Guangdong Southern TV (TVS)",
      "genreEn": "Multicultural",
      "channelId": "sku410709",
      "descriptionEn": "Guangdong Southern TV (TVS) is a special news and entertainment Chinese-language channel broadcast in Cantonese dialect. Guangdong Southern TV's programming includes news and information, lifestyle, fashion, entertainment and TV dramas. M<br><br>Must be ordered with Fairchild to satisfy CRTC linkage requirement."
    }
  ]
}